{
  "dsnet": {
    "computational": {
      "params": 32434210,
      "flops": 191260551424.0,
      "latency_ms": 27.59939670562744,
      "latency_std": 0.13344513262654287,
      "fps": 36.232676049621865
    },
    "map": {
      "normal": {
        "note": "Requires custom mAP implementation"
      },
      "fog_high": {
        "note": "Requires custom mAP implementation"
      },
      "rain_high": {
        "note": "Requires custom mAP implementation"
      }
    }
  },
  "wunet_yolo": {
    "computational": {
      "wunet": {
        "params": 31043651,
        "flops": 106475028480.0,
        "latency_ms": 9.10740852355957,
        "latency_std": 0.04186441682292466,
        "fps": 109.80071854832714
      },
      "yolo": {
        "params": 3012603,
        "flops": 4101376000.0,
        "latency_ms": 0.06840229034423828,
        "latency_std": 0.0012247848071137736,
        "fps": 14619.393516904845
      },
      "combined": {
        "params": 34056254,
        "flops": 110576404480.0,
        "latency_ms": 9.175810813903809,
        "fps": 108.98219462902749
      }
    },
    "map": {
      "normal": {
        "mAP50": 0.7474865201772245,
        "mAP50_95": 0.4945936072340281
      },
      "fog_high": {
        "mAP50": 0.6467116138196025,
        "mAP50_95": 0.409291822119512
      },
      "rain_high": {
        "mAP50": 0.7323936941524923,
        "mAP50_95": 0.48198972325172224
      }
    }
  },
  "comparison": {
    "params_ratio": 1.0500102823531081,
    "flops_ratio": 0.5781453815578852,
    "latency_ratio": 0.3324641807127938,
    "dsnet_faster_by_ms": -18.423585891723633
  }
}